{
  "originalFitness": -146353.69999999998,
  "newFitness": -17967.800000000003,
  "noOfReassignments": 24,
  "totalWalkingDistance": 61,
  "totalTimeDiff": 420
}