{"originalFitness":-164898.60000000003,"newFitness":-164323.80000000002,"noOfReassignments":0,"totalWalkingDistance":8,"totalTimeDiff":289}