{
  "originalFitness": -587188.6000000001,
  "newFitness": -165058.80000000002,
  "noOfReassignments": 1,
  "totalWalkingDistance": 9,
  "totalTimeDiff": 289
}