{
  "originalFitness": -1363195.3000000003,
  "newFitness": -418050.60000000003,
  "noOfReassignments": 10,
  "totalWalkingDistance": 36,
  "totalTimeDiff": 377
}