{
  "originalFitness": -225391.70000000004,
  "newFitness": -164299.50000000003,
  "noOfReassignments": 0,
  "totalWalkingDistance": 8,
  "totalTimeDiff": 251
}