{
  "originalFitness": -7909.0999999999985,
  "newFitness": -3776.1000000000004,
  "noOfReassignments": 0,
  "totalWalkingDistance": 8,
  "totalTimeDiff": 289
}