{"originalFitness":-171450.60000000003,"newFitness":-165423.80000000002,"noOfReassignments":1,"totalWalkingDistance":13,"totalTimeDiff":289}