{"originalFitness":-186444.60000000003,"newFitness":-178912.80000000002,"noOfReassignments":4,"totalWalkingDistance":24,"totalTimeDiff":319}