{
  "originalFitness": -10892.800000000001,
  "newFitness": -3324.6000000000004,
  "noOfReassignments": 0,
  "totalWalkingDistance": 8,
  "totalTimeDiff": 251
}