{"originalFitness":-164898.60000000003,"newFitness":-165402.80000000002,"noOfReassignments":1,"totalWalkingDistance":10,"totalTimeDiff":299}