{
  "originalFitness": -981418.2000000002,
  "newFitness": -172099.80000000002,
  "noOfReassignments": 2,
  "totalWalkingDistance": 13,
  "totalTimeDiff": 297
}