{
  "originalFitness": -3841.3000000000006,
  "newFitness": -3776.1000000000004,
  "noOfReassignments": 0,
  "totalWalkingDistance": 8,
  "totalTimeDiff": 289
}