{
  "originalFitness": -185911.30000000002,
  "newFitness": -164323.80000000002,
  "noOfReassignments": 0,
  "totalWalkingDistance": 8,
  "totalTimeDiff": 289
}