{
  "originalFitness": -613242.2000000001,
  "newFitness": -61462.100000000006,
  "noOfReassignments": 50,
  "totalWalkingDistance": 133,
  "totalTimeDiff": 741
}