{
  "originalFitness": -153615.09999999998,
  "newFitness": -31174.700000000004,
  "noOfReassignments": 39,
  "totalWalkingDistance": 107,
  "totalTimeDiff": 804
}