{
  "originalFitness": -464962.40000000014,
  "newFitness": -44863.100000000006,
  "noOfReassignments": 44,
  "totalWalkingDistance": 167,
  "totalTimeDiff": 1145
}