{"originalFitness":-5300157.500000001,"newFitness":-2454607.8000000003,"noOfReassignments":82,"totalWalkingDistance":229,"totalTimeDiff":1075}