{"originalFitness":-3036469.8000000003,"newFitness":-998793.2000000001,"noOfReassignments":43,"totalWalkingDistance":122,"totalTimeDiff":774}