{
  "originalFitness": -1421692.2999999998,
  "newFitness": -265881.60000000003,
  "noOfReassignments": 7,
  "totalWalkingDistance": 22,
  "totalTimeDiff": 377
}