{
  "originalFitness": -29194.200000000004,
  "newFitness": -6955.400000000001,
  "noOfReassignments": 3,
  "totalWalkingDistance": 12,
  "totalTimeDiff": 483
}