{
  "originalFitness": -5158777.600000001,
  "newFitness": -330053.80000000005,
  "noOfReassignments": 5,
  "totalWalkingDistance": 16,
  "totalTimeDiff": 417
}