{
  "originalFitness": -1188527.0000000002,
  "newFitness": -142027.80000000002,
  "noOfReassignments": 3,
  "totalWalkingDistance": 15,
  "totalTimeDiff": 308
}